Region	Avg_AvgTemperature
Africa	53.54951656193528
Asia	62.56864868961511
Australia/South Pacific	61.180869127275976
Europe	46.69628524306878
Middle East	68.3845217196125
North America	55.300932625245395
South/Central America & Carribean	62.189438801074665
